Summary,Features,Sentence,Words,Completion
"Lily and Timmy build a sandcastle together and learn to compromise, but it gets knocked over by a gust of wind. They find beauty in the broken sandcastle and play happily with a butterfly.","Dialogue, Foreshadowing, Twist","One day, she went to the park and saw a beautiful butterfly.","disagree, network, beautiful","Once upon a time, in a sunny, cheerful park, there were two little children named Lily and Timmy. Lily loved to build tall structures with her colorful blocks, while Timmy preferred to create intricate networks of roads for his toy cars. Despite their different interests, they decided to build a sandcastle together beside the playground. 

""I want the castle to be really tall!"" exclaimed Lily, her eyes sparkling with excitement.

""And I want lots of roads around it for the cars,"" Timmy added, imagining a bustling network around their magnificent sandcastle.

As they started to build, they couldn't help but disagree on how to make their shared project. Lily wanted more towers, while Timmy insisted on more roads. For a moment, it seemed like they couldn't find a way to combine their ideas. But then, Lily had an idea.

""What if we build a tall tower that can act as a lookout for the cars?"" she proposed, hoping Timmy would agree.

Timmy's eyes lit up. ""And we could make a road that goes in a spiral around the tower!"" 

They excitedly put their plan into action, compromising and collaborating. Their sandcastle began to take shape, becoming a beautiful, intricate mix of both their dreams. However, just as they were admiring their work, a strong gust of wind swept through the park, knocking their precious creation to the ground.

""Oh no!"" they both cried out, looking at their sandcastle now in ruins. 

But as they stared at the mound of sand that once was their castle, Timmy noticed something moving near the pile. ""Look!"" he pointed.

One day, she went to the park and saw a beautiful butterfly. It was the very day that Lily and Timmy were there, and the butterfly now danced around the remains of their sandcastle. Its wings flapped gently, displaying vibrant colors that caught the sunlight just right, creating a mesmerizing sight. 

Seeing the beauty in the unexpected, Lily and Timmy couldn't help but smile and laugh, chasing after the butterfly together. They learned that even if things don't go as planned, you can always find something beautiful in the outcome if you look closely. And in the end, it wasn't about the sandcastle they had wanted to build, but the fun and the friendship they shared, learning to compromise and enjoy the moment, no matter how it turned out."
