prompts,completions,full_texts,feedbacks,grammar,creativity,consistency,age_group
"Spot. Spot saw the shiny car and said, ""Wow, Kitty, your car is so bright and clean!"" Kitty smiled and replied, ""Thank you, Spot. I polish it every day.""

After playing with the car, Kitty and Spot felt","As they continued to play around together, Spoot noticed that Kitty's car was in need of some maintenance. With a smile on his face, Spoot offered to help her with the cleaning process.

Kitty was happy to have Spoot around and showed him how to do different tasks on her car, such as wiping down the windows and polishing the mirrors. Throughout their playtime, Kitty and Spoot learned about each other's daily routines and shared their interests.

As they finished cleaning the car, Kitty said, ""It looks great! Thank you so much, Spoot.""

Spoot felt proud of his role in keeping Kitty's car sparkling clean and couldn't help but admire her unique personality. They went on to spend more time together, playing games and enjoying each other's company.","Spot. Spot saw the shiny car and said, ""Wow, Kitty, your car is so bright and clean!"" Kitty smiled and replied, ""Thank you, Spot. I polish it every day.""

After playing with the car, Kitty and Spot felt*** As they continued to play around together, Spoot noticed that Kitty's car was in need of some maintenance. With a smile on his face, Spoot offered to help her with the cleaning process.

Kitty was happy to have Spoot around and showed him how to do different tasks on her car, such as wiping down the windows and polishing the mirrors. Throughout their playtime, Kitty and Spoot learned about each other's daily routines and shared their interests.

As they finished cleaning the car, Kitty said, ""It looks great! Thank you so much, Spoot.""

Spoot felt proud of his role in keeping Kitty's car sparkling clean and couldn't help but admire her unique personality. They went on to spend more time together, playing games and enjoying each other's company.","The student's completion of the story is grammatically correct and consistent with the beginning of the story. However, the student made a mistake by changing the name of the character from ""Spot"" to ""Spoot"". This is a minor error but it does affect the consistency of the story. The student successfully managed to complete the sentence split by the separator, maintaining the flow of the story. The student also demonstrated creativity and good language abilities in their completion of the story.",9,8,7,E
"Once upon a time, in a big forest, there lived a rhinoceros named Roxy. Roxy loved to climb. She climbed trees, rocks, and hills. One day, Roxy found an icy hill. She had never seen anything like it before. It was shiny and cold, and she wanted to climb it.

Roxy tried to climb the icy hill, but it was very slippery. She tried again and again, but she kept falling down. Roxy was sad. She wanted to climb the icy hill so much. Then, she saw a little bird named Billy. Billy saw","As Roxy continued to try to climb the icy hill, she noticed that it wasn't just slippery; it was also very high up, with no way down. She began to feel discouraged and started to wonder whether she could ever make it to the top. But then she remembered a small bird named Billy who saw her climb the ice hill before she did.

Billy had seen Roxy try and fail numerous times, but he didn't give up. He approached her and showed her how to climb using his wings as a guide. He helped her by showing her where to place her feet and what to look for on the ground below. Together, they worked their way up the hill, using the birds' knowledge and Roxy's determination.

Finally, after many tries, Roxy succeeded in climbing the icy hill! She was so proud of herself that she forgot about her disappointment with the ice. She felt like a real hero for having persevered despite the difficulties, and her newfound confidence boosted her spirit even more. As she stood on the top of the hill, Roxy realized how much she had grown and how far she had come in conquering her fears and challenges.","Once upon a time, in a big forest, there lived a rhinoceros named Roxy. Roxy loved to climb. She climbed trees, rocks, and hills. One day, Roxy found an icy hill. She had never seen anything like it before. It was shiny and cold, and she wanted to climb it.

Roxy tried to climb the icy hill, but it was very slippery. She tried again and again, but she kept falling down. Roxy was sad. She wanted to climb the icy hill so much. Then, she saw a little bird named Billy. Billy saw*** As Roxy continued to try to climb the icy hill, she noticed that it wasn't just slippery; it was also very high up, with no way down. She began to feel discouraged and started to wonder whether she could ever make it to the top. But then she remembered a small bird named Billy who saw her climb the ice hill before she did.

Billy had seen Roxy try and fail numerous times, but he didn't give up. He approached her and showed her how to climb using his wings as a guide. He helped her by showing her where to place her feet and what to look for on the ground below. Together, they worked their way up the hill, using the birds' knowledge and Roxy's determination.

Finally, after many tries, Roxy succeeded in climbing the icy hill! She was so proud of herself that she forgot about her disappointment with the ice. She felt like a real hero for having persevered despite the difficulties, and her newfound confidence boosted her spirit even more. As she stood on the top of the hill, Roxy realized how much she had grown and how far she had come in conquering her fears and challenges.","The student has done an excellent job in completing the story. The part written by the student is grammatically correct and consistent with the beginning of the story. The student successfully managed to complete the sentence split by the separator, maintaining the flow of the narrative. The student also demonstrated creativity and good language abilities in developing the plot and characters. The story is engaging and has a clear moral lesson about perseverance and overcoming challenges.",10,9,10,F
"Once upon a time, in a small yard, there was a small daisy. The daisy had a name. Her name was Daisy. Daisy was very small, but she was also very happy.

One day, Daisy saw a dog. The dog was big and had a name too. His","As Daisy walked by the fence separating her yard from the neighbor's, she suddenly saw a large dog with a distinctive name. ""Hey there, big guy!"" she called out.

The dog turned around and saw Daisey. He didn't bark or run away but instead came over to greet his newfound friend. The two melted into each other, sniffing each other's fur with happiness and curiosity.

The small dog had always been afraid of dogs in general, but as she got closer, he could hear the sound of her gentle voice and felt comfortable around her. She even gave him some treats for his good behavior.

As they bonded and started playing together, Daisy realized that not all dogs were scary. They just needed someone to show them what it means to be a dog. Together, they created a wonderful friendship!","Once upon a time, in a small yard, there was a small daisy. The daisy had a name. Her name was Daisy. Daisy was very small, but she was also very happy.

One day, Daisy saw a dog. The dog was big and had a name too. His*** As Daisy walked by the fence separating her yard from the neighbor's, she suddenly saw a large dog with a distinctive name. ""Hey there, big guy!"" she called out.

The dog turned around and saw Daisey. He didn't bark or run away but instead came over to greet his newfound friend. The two melted into each other, sniffing each other's fur with happiness and curiosity.

The small dog had always been afraid of dogs in general, but as she got closer, he could hear the sound of her gentle voice and felt comfortable around her. She even gave him some treats for his good behavior.

As they bonded and started playing together, Daisy realized that not all dogs were scary. They just needed someone to show them what it means to be a dog. Together, they created a wonderful friendship!","The student's completion of the story is generally well-written and creative. However, there are a few inconsistencies and errors. The student changes the perspective from third person to first person, which is inconsistent with the beginning of the story. The student also refers to Daisy as a small dog, while in the beginning of the story, Daisy is described as a small daisy, a type of flower. The student also does not complete the sentence split by the separator correctly. The sentence begins with ""His"" indicating that the sentence should continue with something related to the dog, but the student does not follow this cue. The grammar and spelling are otherwise correct.",8,8,5,F
"Once upon a time, there was a thoughtful girl named Sue. Sue loved to help her mom around the house. One day, her mom asked her to wipe the table after they ate their lunch. Sue was happy to help.

As Sue was wiping the table, she saw a pretty candle on the window sill. The candle was her mom's favorite. Sue wanted to do something nice for her mom, so she said, ""Mom, can I light the candle for","Sue's heart skipped a beat at the sight of the beautifully lit candle on the window sill, and she couldn't resist. She reached out to grab it and found that it wasn't hers. Sue was horrified. She knew what she had to do, so she said, ""Mom, please don't be angry with me. I didn't mean to take your favorite candle.""

The mom was surprised but relieved to see that the problem was not with Sue but with her. Mom apologized and thanked Sue for making things right. They then turned their attention to cleaning up, while Sue thought about how lucky she was to have such a wonderful family that cared for her so much.

Without further ado, the mom placed a plate full of cookies on the table, and Sue took the candle back, admitting that she had been too hasty in taking it. Mom apologized yet again and asked if Sue could use the candle now. Sue was delighted to receive permission, and she lit the candle with great joy, feeling grateful for all of her family's love and support.","Once upon a time, there was a thoughtful girl named Sue. Sue loved to help her mom around the house. One day, her mom asked her to wipe the table after they ate their lunch. Sue was happy to help.

As Sue was wiping the table, she saw a pretty candle on the window sill. The candle was her mom's favorite. Sue wanted to do something nice for her mom, so she said, ""Mom, can I light the candle for*** Sue's heart skipped a beat at the sight of the beautifully lit candle on the window sill, and she couldn't resist. She reached out to grab it and found that it wasn't hers. Sue was horrified. She knew what she had to do, so she said, ""Mom, please don't be angry with me. I didn't mean to take your favorite candle.""

The mom was surprised but relieved to see that the problem was not with Sue but with her. Mom apologized and thanked Sue for making things right. They then turned their attention to cleaning up, while Sue thought about how lucky she was to have such a wonderful family that cared for her so much.

Without further ado, the mom placed a plate full of cookies on the table, and Sue took the candle back, admitting that she had been too hasty in taking it. Mom apologized yet again and asked if Sue could use the candle now. Sue was delighted to receive permission, and she lit the candle with great joy, feeling grateful for all of her family's love and support.","The student's completion of the story is grammatically correct and consistent with the beginning of the story. However, the student did not manage to complete the sentence split by the separator *** correctly. The student was supposed to complete the sentence ""Mom, can I light the candle for..."" but instead, they started a new sentence. This is a significant error as the task specifically asked to complete the sentence. The rest of the story is well-written and maintains the same tone and style as the beginning.",9,7,7,E
"Once upon a time, there was a kind farmer. He had a big cow. The cow was sad. The farmer did not know why.

One day, a little boy came to the farm. He saw the sad cow. The boy kneeled down to talk to the cow. ""Why are you sad, cow?"" he asked. The cow said, ""I am lonely. I want a friend.""

The kind farmer","Once upon a time, there was a farmer who had a big cow named Lena. Lena had always been alone and feeling sad. One day, a young boy came to the farm, and he saw Lena sitting by herself in a field. He approached her with concern. ""Why do you look sad, Lena? What's going on?"" Lena replied, ""I don't know. I feel lonely and abandoned.""

The farmer was surprised but grateful that someone cared for the cow. ""Sure, son,"" he said. ""Hmm, I see. I have some friends who can help you out. Let me introduce them to you."" He introduced three other friendly cows named Samantha, Joe, and Pete.

With their newfound friends by his side, Lena felt less lonely and more happy. They played together and shared their food. The farmer was delighted with the results and promised to take care of the cow always.","Once upon a time, there was a kind farmer. He had a big cow. The cow was sad. The farmer did not know why.

One day, a little boy came to the farm. He saw the sad cow. The boy kneeled down to talk to the cow. ""Why are you sad, cow?"" he asked. The cow said, ""I am lonely. I want a friend.""

The kind farmer*** Once upon a time, there was a farmer who had a big cow named Lena. Lena had always been alone and feeling sad. One day, a young boy came to the farm, and he saw Lena sitting by herself in a field. He approached her with concern. ""Why do you look sad, Lena? What's going on?"" Lena replied, ""I don't know. I feel lonely and abandoned.""

The farmer was surprised but grateful that someone cared for the cow. ""Sure, son,"" he said. ""Hmm, I see. I have some friends who can help you out. Let me introduce them to you."" He introduced three other friendly cows named Samantha, Joe, and Pete.

With their newfound friends by his side, Lena felt less lonely and more happy. They played together and shared their food. The farmer was delighted with the results and promised to take care of the cow always.","The student's completion of the story is grammatically correct and consistent with the beginning of the story. The student successfully completes the sentence split by the separator, maintaining the narrative flow. The student also demonstrates creativity and good language abilities in their continuation of the story.",9,8,9,E
